{"cameraMode":{"drawMode":0,"name":"Shaded","section":"Shading Mode"},"sceneLighting":true,"audioPlay":false,"sceneViewState":{"showFog":true,"showMaterialUpdate":false,"showSkybox":true,"showFlares":true,"showImageEffects":true,"showParticleSystems":true},"in2DMode":false,"pivot":{"x":-1.4700002670288087,"y":-1.0538363456726075,"z":-0.2905590534210205},"rotation":{"x":-0.2299272119998932,"y":-0.06304826587438584,"z":0.014920685440301896,"w":-0.9710488319396973},"size":15.044148445129395,"orthographic":true}